market_time,stock,open,close,high,low,volume,volume_weighted_avg_price
2024-12-17 04:00:00,AAPL,250.29,250.29,250.29,250.29,825.0,250.3003
2024-12-17 04:04:00,AAPL,250.14,250.14,250.14,250.14,663.0,250.1768
2024-12-17 04:05:00,AAPL,250.1,250.1,250.1,250.1,218.0,250.1063
2024-12-17 04:06:00,AAPL,250.26,250.26,250.26,250.26,247.0,250.2575
2024-12-17 04:07:00,AAPL,250.22,250.22,250.22,250.22,336.0,250.2059
2024-12-17 04:09:00,AAPL,250.23,250.06,250.23,250.06,1384.0,250.1774
2024-12-17 04:10:00,AAPL,250.15,250.15,250.15,250.15,238.0,250.1585
2024-12-17 04:12:00,AAPL,250.21,250.21,250.21,250.21,519.0,250.2039
2024-12-17 04:13:00,AAPL,250.19,250.19,250.19,250.19,438.0,250.1888
2024-12-17 04:14:00,AAPL,250.21,250.21,250.21,250.21,155.0,250.1992
2024-12-17 04:15:00,AAPL,250.22,250.25,250.25,250.22,794.0,250.2335
2024-12-17 04:16:00,AAPL,250.3,250.31,250.31,250.3,933.0,250.2769
2024-12-17 04:17:00,AAPL,250.33,250.3,250.33,250.3,1003.0,250.3035
2024-12-17 04:19:00,AAPL,250.25,250.25,250.25,250.25,690.0,250.2316
2024-12-17 04:20:00,AAPL,250.25,250.25,250.25,250.25,1078.0,250.2495
2024-12-17 04:22:00,AAPL,250.16,250.16,250.16,250.16,623.0,250.1585
2024-12-17 04:27:00,AAPL,250.25,250.25,250.25,250.25,1086.0,250.2455
2024-12-17 04:37:00,AAPL,250.44,250.4,250.44,250.4,837.0,250.4198
2024-12-17 04:39:00,AAPL,250.44,250.44,250.44,250.44,231.0,250.4408
2024-12-17 04:40:00,AAPL,250.5,250.45,250.5,250.45,1253.0,250.4873
2024-12-17 04:42:00,AAPL,250.45,250.45,250.45,250.45,488.0,250.4577
2024-12-17 04:44:00,AAPL,250.41,250.41,250.41,250.41,282.0,250.4034
2024-12-17 04:50:00,AAPL,250.53,250.53,250.53,250.53,488.0,250.527
2024-12-17 04:54:00,AAPL,250.51,250.51,250.51,250.51,172.0,250.5011
2024-12-17 04:57:00,AAPL,250.49,250.49,250.49,250.49,246.0,250.4781
2024-12-17 04:58:00,AAPL,250.47,250.47,250.47,250.47,173.0,250.4693
2024-12-17 05:01:00,AAPL,250.46,250.46,250.46,250.46,512.0,250.4439
2024-12-17 05:12:00,AAPL,250.54,250.53,250.54,250.53,320.0,250.5389
2024-12-17 05:14:00,AAPL,250.51,250.51,250.51,250.51,382.0,250.5108
2024-12-17 05:16:00,AAPL,250.55,250.55,250.55,250.55,497.0,250.5377
2024-12-17 05:17:00,AAPL,250.5,250.5,250.5,250.5,495.0,250.4793
2024-12-17 05:24:00,AAPL,250.42,250.42,250.42,250.42,836.0,250.4355
2024-12-17 05:26:00,AAPL,250.42,250.44,250.44,250.42,286.0,250.4315
2024-12-17 05:29:00,AAPL,250.44,250.58,250.58,250.44,3000.0,250.5593
2024-12-17 05:30:00,AAPL,250.55,250.55,250.55,250.55,373.0,250.5532
2024-12-17 05:36:00,AAPL,250.49,250.52,250.52,250.49,754.0,250.5121
2024-12-17 05:40:00,AAPL,250.55,250.55,250.55,250.55,280.0,250.5453
2024-12-17 05:45:00,AAPL,250.46,250.44,250.46,250.44,2676.0,250.444
2024-12-17 05:46:00,AAPL,250.47,250.46,250.47,250.46,920.0,250.4604
2024-12-17 06:00:00,AAPL,250.42,250.41,250.42,250.41,527.0,250.4168
2024-12-17 06:01:00,AAPL,250.41,250.41,250.41,250.41,737.0,250.4101
2024-12-17 06:05:00,AAPL,250.36,250.36,250.36,250.36,526.0,250.3628
2024-12-17 06:08:00,AAPL,250.36,250.36,250.36,250.36,184.0,250.3727
2024-12-17 06:11:00,AAPL,250.48,250.48,250.48,250.48,490.0,250.4165
2024-12-17 06:12:00,AAPL,250.36,250.36,250.36,250.36,365.0,250.3773
2024-12-17 06:24:00,AAPL,250.47,250.43,250.47,250.43,384.0,250.461
2024-12-17 06:25:00,AAPL,250.43,250.52,250.52,250.43,764.0,250.4703
2024-12-17 06:33:00,AAPL,250.39,250.39,250.39,250.39,282.0,250.388
2024-12-17 06:34:00,AAPL,250.36,250.35,250.36,250.35,820.0,250.3638
2024-12-17 06:35:00,AAPL,250.42,250.47,250.47,250.42,719.0,250.4402
2024-12-17 06:36:00,AAPL,250.4,250.4,250.4,250.4,369.0,250.4257
2024-12-17 06:45:00,AAPL,250.3,250.15,250.3,250.15,1607.0,250.2324
2024-12-17 06:50:00,AAPL,250.19,250.21,250.21,250.19,723.0,250.2078
2024-12-17 06:58:00,AAPL,250.14,250.14,250.14,250.14,184.0,250.1262
2024-12-17 07:00:00,AAPL,250.16,250.26,250.26,250.16,1473.0,250.2314
2024-12-17 07:01:00,AAPL,250.26,250.26,250.26,250.26,601.0,250.2696
2024-12-17 07:02:00,AAPL,250.35,250.35,250.35,250.35,1561.0,250.3351
2024-12-17 07:04:00,AAPL,250.17,250.17,250.17,250.17,477.0,250.1589
2024-12-17 07:10:00,AAPL,250.16,250.16,250.16,250.16,285.0,250.1844
2024-12-17 07:11:00,AAPL,250.18,250.23,250.23,250.18,477.0,250.1942
2024-12-17 07:12:00,AAPL,250.2,250.2,250.2,250.2,353.0,250.1873
2024-12-17 07:13:00,AAPL,250.17,250.19,250.19,250.17,553.0,250.1768
2024-12-17 07:14:00,AAPL,250.2,250.2,250.2,250.2,622.0,250.2241
2024-12-17 07:15:00,AAPL,250.24,250.24,250.24,250.24,483.0,250.2465
2024-12-17 07:21:00,AAPL,250.14,250.14,250.14,250.14,356.0,250.1485
2024-12-17 07:23:00,AAPL,250.2,250.16,250.2,250.16,469.0,250.1882
2024-12-17 07:28:00,AAPL,250.15,250.15,250.15,250.15,504.0,250.1584
2024-12-17 07:37:00,AAPL,250.14,250.14,250.14,250.14,825.0,250.1538
2024-12-17 07:38:00,AAPL,250.13,250.12,250.13,250.12,456.0,250.1316
2024-12-17 07:40:00,AAPL,250.18,250.18,250.21,250.18,1766.0,250.1901
2024-12-17 07:44:00,AAPL,250.24,250.24,250.24,250.24,153.0,250.24
2024-12-17 07:45:00,AAPL,250.23,250.23,250.23,250.23,201.0,250.2177
2024-12-17 07:47:00,AAPL,250.24,250.17,250.24,250.17,2307.0,250.1895
2024-12-17 07:48:00,AAPL,250.16,250.16,250.16,250.16,353.0,250.1613
2024-12-17 07:49:00,AAPL,250.16,250.15,250.16,250.15,836.0,250.1601
2024-12-17 07:51:00,AAPL,250.15,250.19,250.19,250.15,942.0,250.1628
2024-12-17 07:53:00,AAPL,250.17,250.2,250.2,250.1,1052.0,250.151
2024-12-17 07:55:00,AAPL,250.21,250.21,250.21,250.21,358.0,250.2036
2024-12-17 07:59:00,AAPL,250.16,250.16,250.16,250.16,272.0,250.1586
2024-12-17 08:00:00,AAPL,250.28,250.5458,251.13,250.1108,36035.0,250.275
2024-12-17 08:01:00,AAPL,250.15,250.11,250.15,250.11,1787.0,250.2345
2024-12-17 08:02:00,AAPL,250.1,250.08,250.1,250.08,3731.0,250.117
2024-12-17 08:03:00,AAPL,250.08,250.08,250.08,250.08,1980.0,250.0861
2024-12-17 08:05:00,AAPL,250.0999,250.1,250.1,250.09,1620.0,250.0967
2024-12-17 08:06:00,AAPL,250.08,250.05,250.08,250.05,1832.0,250.0631
2024-12-17 08:07:00,AAPL,250.05,250.05,250.05,250.05,1931.0,250.0518
2024-12-17 08:08:00,AAPL,250.1,250.06,250.1,250.04,1539.0,250.0531
2024-12-17 08:09:00,AAPL,250.04,250.05,250.05,250.04,1284.0,250.0637
2024-12-17 08:10:00,AAPL,250.13,250.16,250.16,250.13,1493.0,250.1432
2024-12-17 08:12:00,AAPL,250.09,250.13,250.13,250.04,2252.0,250.0751
2024-12-17 08:13:00,AAPL,250.18,250.18,250.18,250.18,393.0,250.1275
2024-12-17 08:14:00,AAPL,250.07,250.07,250.07,250.07,339.0,250.0688
2024-12-17 08:15:00,AAPL,250.15,250.23,250.23,250.15,1608.0,250.1877
2024-12-17 08:16:00,AAPL,250.2299,250.18,250.2299,250.18,626.0,250.2096
2024-12-17 08:17:00,AAPL,250.413,250.413,250.413,250.413,783.0,250.2835
2024-12-17 08:18:00,AAPL,250.195,250.195,250.195,250.195,604.0,250.1834
2024-12-17 08:19:00,AAPL,250.12,250.12,250.21,250.12,1390.0,250.1465
2024-12-17 08:20:00,AAPL,250.14,250.22,250.22,250.11,870.0,250.1466
2024-12-17 08:22:00,AAPL,250.16,250.2,250.2,250.16,906.0,250.1744
2024-12-17 08:23:00,AAPL,250.11,250.11,250.11,250.11,411.0,250.1594
2024-12-17 08:24:00,AAPL,250.12,250.12,250.12,250.12,343.0,250.1399
2024-12-17 08:25:00,AAPL,250.1171,250.1171,250.1171,250.1171,761.0,250.1257
2024-12-17 08:26:00,AAPL,250.14,250.17,250.17,250.14,838.0,250.1451
2024-12-17 08:27:00,AAPL,250.13,250.1,250.13,250.1,3486.0,250.1233
2024-12-17 08:28:00,AAPL,250.11,250.1379,250.1379,250.1,1584.0,250.1091
2024-12-17 08:30:00,AAPL,250.1,250.18,250.18,250.1,1189.0,250.1339
2024-12-17 08:31:00,AAPL,250.2,250.2,250.23,250.2,1317.0,250.2046
2024-12-17 08:32:00,AAPL,250.21,250.2001,250.23,250.2,2830.0,250.2144
2024-12-17 08:34:00,AAPL,250.1009,250.1009,250.1009,250.1009,556.0,250.1318
2024-12-17 08:35:00,AAPL,250.12,250.12,250.12,250.12,193.0,250.1242
2024-12-17 08:36:00,AAPL,250.12,250.12,250.15,250.12,1743.0,250.1284
2024-12-17 08:37:00,AAPL,250.13,250.15,250.15,250.13,328.0,250.1397
2024-12-17 08:38:00,AAPL,250.23,250.23,250.23,250.23,797.0,250.2046
2024-12-17 08:39:00,AAPL,250.2,250.2,250.2,250.15,767.0,250.1858
2024-12-17 08:40:00,AAPL,250.16,250.2,250.2,250.15,1595.0,250.1704
2024-12-17 08:43:00,AAPL,250.15,250.15,250.2,250.15,9490.0,250.1809
2024-12-17 08:44:00,AAPL,250.12,250.06,250.12,250.06,3223.0,250.0937
2024-12-17 08:45:00,AAPL,250.09,250.09,250.09,250.08,2126.0,250.0894
2024-12-17 08:46:00,AAPL,250.095,250.15,250.15,250.095,757.0,250.1199
2024-12-17 08:47:00,AAPL,250.15,250.18,250.18,250.15,1206.0,250.1668
2024-12-17 08:48:00,AAPL,250.19,250.16,250.19,250.16,533.0,250.1821
2024-12-17 08:49:00,AAPL,250.17,250.17,250.17,250.17,2536.0,250.1709
2024-12-17 08:50:00,AAPL,250.21,250.23,250.23,250.21,2269.0,250.2189
2024-12-17 08:51:00,AAPL,250.25,250.25,250.25,250.25,1910.0,250.248
2024-12-17 08:53:00,AAPL,250.27,250.27,250.27,250.27,414.0,250.2722
2024-12-17 08:54:00,AAPL,250.27,250.26,250.27,250.26,1674.0,250.2606
2024-12-17 08:55:00,AAPL,250.25,250.31,250.31,250.25,1224.0,250.2898
2024-12-17 08:56:00,AAPL,250.39,250.4,250.43,250.39,2915.0,250.3962
2024-12-17 08:57:00,AAPL,250.4491,250.4491,250.4491,250.4491,462.0,250.4374
2024-12-17 08:58:00,AAPL,250.45,250.4999,250.4999,250.45,3749.0,250.4818
2024-12-17 09:00:00,AAPL,250.5,250.5,250.5,250.5,983.0,250.4897
2024-12-17 09:01:00,AAPL,250.51,250.5,250.51,250.49,1396.0,250.5007
2024-12-17 09:02:00,AAPL,250.5,250.49,250.5,250.49,902.0,250.4896
2024-12-17 09:03:00,AAPL,250.49,250.5,250.5,250.49,1956.0,250.504
2024-12-17 09:04:00,AAPL,250.55,250.55,250.55,250.55,596.0,250.5421
2024-12-17 09:05:00,AAPL,250.55,250.54,250.55,250.54,129514.0,251.0364
2024-12-17 09:06:00,AAPL,250.55,250.55,250.55,250.5,3365.0,250.5425
2024-12-17 09:07:00,AAPL,250.55,250.55,250.55,250.55,2375.0,250.5442
2024-12-17 09:08:00,AAPL,250.54,250.53,250.54,250.53,499.0,250.5359
2024-12-17 09:09:00,AAPL,250.51,250.49,250.51,250.49,2903.0,250.4995
2024-12-17 09:11:00,AAPL,250.47,250.47,250.47,250.47,613.0,250.4724
2024-12-17 09:12:00,AAPL,250.4628,250.5,250.5,250.46,3227.0,250.4786
2024-12-17 09:13:00,AAPL,250.5,250.45,250.5,250.45,1138.0,250.4686
2024-12-17 09:14:00,AAPL,250.49,250.5,250.5,250.49,1966.0,250.4929
2024-12-17 09:15:00,AAPL,250.55,250.55,250.55,250.55,2421.0,250.5481
2024-12-17 09:16:00,AAPL,250.55,250.59,250.59,250.55,2182.0,250.5696
2024-12-17 09:17:00,AAPL,250.65,250.61,250.65,250.61,1694.0,250.6231
2024-12-17 09:18:00,AAPL,250.65,250.65,250.65,250.65,1393.0,250.6543
2024-12-17 09:19:00,AAPL,250.63,250.6299,250.6313,250.61,1608.0,250.6375
2024-12-17 09:20:00,AAPL,250.5138,250.59,250.59,250.51,1324.0,250.5442
2024-12-17 09:21:00,AAPL,250.56,250.47,250.56,250.47,3369.0,250.537
2024-12-17 09:23:00,AAPL,250.58,250.58,250.59,250.58,3257.0,250.5792
2024-12-17 09:24:00,AAPL,250.51,250.43,250.51,250.32,2317.0,250.4395
2024-12-17 09:25:00,AAPL,250.22,250.3,250.3521,249.93,35396.0,250.089
2024-12-17 09:26:00,AAPL,250.26,250.2,250.27,250.05,8494.0,250.1673
2024-12-17 09:27:00,AAPL,250.18,250.5,250.5,249.65,24177.0,250.0395
2024-12-17 09:28:00,AAPL,250.38,250.15,250.38,250.0,9685.0,250.1413
2024-12-17 09:29:00,AAPL,250.07,250.18,250.19,250.01,8510.0,250.0847
2024-12-17 09:30:00,AAPL,250.08,250.64,251.26,250.0,1104242.0,250.3817
2024-12-17 09:31:00,AAPL,250.6792,250.045,250.74,249.78,179232.0,250.1485
2024-12-17 09:32:00,AAPL,250.05,250.175,250.36,249.94,129633.0,250.1473
2024-12-17 09:33:00,AAPL,250.15,250.02,250.158,249.9,98465.0,250.0206
2024-12-17 09:34:00,AAPL,250.01,250.77,250.785,250.01,137627.0,250.3714
2024-12-17 09:35:00,AAPL,250.76,250.98,250.98,250.6475,107817.0,250.797
2024-12-17 09:36:00,AAPL,250.98,250.99,251.15,250.59,91883.0,250.9007
2024-12-17 09:37:00,AAPL,251.01,251.17,251.3,251.0,136042.0,251.1825
2024-12-17 09:38:00,AAPL,251.17,251.38,251.45,251.08,127534.0,251.3104
2024-12-17 09:39:00,AAPL,251.38,251.4,251.5499,251.3,158452.0,251.443
2024-12-17 09:40:00,AAPL,251.4,251.7,251.75,251.31,165269.0,251.5657
2024-12-17 09:41:00,AAPL,251.69,252.03,252.06,251.66,283297.0,251.9375
2024-12-17 09:42:00,AAPL,252.03,252.075,252.105,251.95,149825.0,252.024
2024-12-17 09:43:00,AAPL,252.09,252.3803,252.4,252.08,291658.0,252.2556
2024-12-17 09:44:00,AAPL,252.3829,252.78,252.8604,252.29,306020.0,252.6223
2024-12-17 09:45:00,AAPL,252.75,252.77,252.81,252.61,220513.0,252.7498
2024-12-17 09:46:00,AAPL,252.76,252.59,252.77,252.51,152725.0,252.5921
2024-12-17 09:47:00,AAPL,252.6,252.43,252.67,252.37,127259.0,252.5219
2024-12-17 09:48:00,AAPL,252.43,252.2901,252.43,252.25,88400.0,252.3444
2024-12-17 09:49:00,AAPL,252.3299,252.57,252.64,252.3199,115407.0,252.4508
2024-12-17 09:50:00,AAPL,252.59,252.62,252.6954,252.51,94908.0,252.5801
2024-12-17 09:51:00,AAPL,252.61,252.8203,252.8799,252.595,161439.0,252.7618
2024-12-17 09:52:00,AAPL,252.825,252.87,252.98,252.8,136370.0,252.8979
2024-12-17 09:53:00,AAPL,252.89,252.86,252.89,252.66,108717.0,252.776
2024-12-17 09:54:00,AAPL,252.84,252.595,252.87,252.57,83964.0,252.6937
2024-12-17 09:55:00,AAPL,252.59,252.13,252.59,252.13,149983.0,252.3034
2024-12-17 09:56:00,AAPL,252.18,252.2939,252.345,252.09,72975.0,252.1938
2024-12-17 09:57:00,AAPL,252.285,252.32,252.4,252.26,55644.0,252.3234
2024-12-17 09:58:00,AAPL,252.32,252.11,252.32,252.08,61595.0,252.1859
2024-12-17 09:59:00,AAPL,252.125,252.04,252.1463,251.93,93980.0,252.0148
2024-12-17 10:00:00,AAPL,252.04,252.24,252.3,252.0325,74564.0,252.1676
2024-12-17 10:01:00,AAPL,252.2374,252.2,252.33,252.11,61283.0,252.2143
2024-12-17 10:02:00,AAPL,252.25,252.22,252.4,252.2,77351.0,252.3076
2024-12-17 10:03:00,AAPL,252.21,252.36,252.38,252.11,81587.0,252.2452
2024-12-17 10:04:00,AAPL,252.37,252.51,252.55,252.26,118001.0,252.4088
2024-12-17 10:05:00,AAPL,252.51,252.08,252.59,252.01,138786.0,252.2147
2024-12-17 10:06:00,AAPL,252.0897,252.157,252.3004,252.07,86882.0,252.1633
2024-12-17 10:07:00,AAPL,252.15,252.205,252.25,252.1,80254.0,252.1645
2024-12-17 10:08:00,AAPL,252.18,252.19,252.28,252.085,64944.0,252.1883
2024-12-17 10:09:00,AAPL,252.225,252.1488,252.3,252.1448,61228.0,252.2283
2024-12-17 10:10:00,AAPL,252.14,252.15,252.24,252.08,52806.0,252.1534
2024-12-17 10:11:00,AAPL,252.18,251.96,252.2,251.91,109543.0,252.0344
2024-12-17 10:12:00,AAPL,251.99,251.99,252.06,251.9201,118896.0,251.9984
2024-12-17 10:13:00,AAPL,252.0,251.9831,252.07,251.91,129245.0,252.0008
2024-12-17 10:14:00,AAPL,251.99,251.94,251.99,251.81,70705.0,251.9183
2024-12-17 10:15:00,AAPL,251.96,251.96,252.05,251.92,112708.0,251.9946
2024-12-17 10:16:00,AAPL,251.9569,251.93,251.9937,251.86,74720.0,251.9335
2024-12-17 10:17:00,AAPL,251.92,252.01,252.07,251.88,62040.0,251.9673
2024-12-17 10:18:00,AAPL,252.0,252.204,252.21,251.99,90093.0,252.072
2024-12-17 10:19:00,AAPL,252.2,252.191241,252.23,252.1,75999.0,252.1585
2024-12-17 10:20:00,AAPL,252.19,252.13,252.23,252.1,116279.0,252.1888
2024-12-17 10:21:00,AAPL,252.13,251.93,252.15,251.89,82365.0,252.0194
2024-12-17 10:22:00,AAPL,251.92,252.1,252.17,251.904547,68737.0,252.0375
2024-12-17 10:23:00,AAPL,252.11,252.28,252.34,252.11,127834.0,252.2303
2024-12-17 10:24:00,AAPL,252.27,252.475,252.51,252.27,76190.0,252.4051
2024-12-17 10:25:00,AAPL,252.46,252.37,252.52,252.36,87590.0,252.4425
2024-12-17 10:26:00,AAPL,252.38,252.32,252.47,252.28,104288.0,252.3404
2024-12-17 10:27:00,AAPL,252.33,252.21,252.33,252.03,96207.0,252.1636
2024-12-17 10:28:00,AAPL,252.2,252.28,252.3299,252.18,66417.0,252.2715
2024-12-17 10:29:00,AAPL,252.26,252.26,252.3493,252.2,57329.0,252.2686
2024-12-17 10:30:00,AAPL,252.25,252.14,252.35,252.14,75797.0,252.2658
2024-12-17 10:31:00,AAPL,252.12,252.28,252.28,252.1,74902.0,252.1907
2024-12-17 10:32:00,AAPL,252.29,252.29,252.39,252.23,79813.0,252.3183
2024-12-17 10:33:00,AAPL,252.265,252.045,252.271,251.9703,98783.0,252.1298
2024-12-17 10:34:00,AAPL,252.045,252.04,252.1457,252.03,48035.0,252.0914
2024-12-17 10:35:00,AAPL,252.03,251.81,252.03,251.78,98557.0,251.8657
2024-12-17 10:36:00,AAPL,251.82,251.79,251.88,251.77,65201.0,251.8272
2024-12-17 10:37:00,AAPL,251.782,251.96,252.0,251.782,51279.0,251.9128
2024-12-17 10:38:00,AAPL,251.955,251.99,252.08,251.93,60248.0,252.0085
2024-12-17 10:39:00,AAPL,252.0,252.15,252.16,251.98,53878.0,252.0472
2024-12-17 10:40:00,AAPL,252.155,252.255,252.3,252.13,82273.0,252.2151
2024-12-17 10:41:00,AAPL,252.26,252.2301,252.3,252.18,60335.0,252.2512
2024-12-17 10:42:00,AAPL,252.2322,252.18,252.27,252.15,51925.0,252.2093
2024-12-17 10:43:00,AAPL,252.17,252.17,252.2499,252.02,54688.0,252.1467
2024-12-17 10:44:00,AAPL,252.18,252.36,252.38,252.18,56604.0,252.2986
2024-12-17 10:45:00,AAPL,252.35,252.5621,252.6,252.33,81359.0,252.4928
2024-12-17 10:46:00,AAPL,252.57,252.58,252.68,252.55,48480.0,252.5996
2024-12-17 10:47:00,AAPL,252.57,252.33,252.57,252.32,53523.0,252.4468
2024-12-17 10:48:00,AAPL,252.34,252.295,252.34,252.23,55842.0,252.2838
2024-12-17 10:49:00,AAPL,252.31,252.43,252.45,252.25,52264.0,252.3875
2024-12-17 10:50:00,AAPL,252.4343,252.465,252.4969,252.39,49122.0,252.4455
2024-12-17 10:51:00,AAPL,252.4899,252.44,252.56,252.43,45988.0,252.5013
2024-12-17 10:52:00,AAPL,252.46,252.29,252.46,252.26,47094.0,252.3502
2024-12-17 10:53:00,AAPL,252.29,252.33,252.38,252.26,41728.0,252.3311
2024-12-17 10:54:00,AAPL,252.33,252.33,252.5,252.28,63416.0,252.4072
2024-12-17 10:55:00,AAPL,252.33,252.245,252.34,252.21,38999.0,252.2629
2024-12-17 10:56:00,AAPL,252.245,252.185,252.29,252.18,31352.0,252.24
2024-12-17 10:57:00,AAPL,252.18,252.32,252.32,252.11,43620.0,252.2015
2024-12-17 10:58:00,AAPL,252.3101,252.31,252.44,252.28,58263.0,252.3569
2024-12-17 10:59:00,AAPL,252.325,252.36,252.38,252.28,30742.0,252.3322
2024-12-17 11:00:00,AAPL,252.365,252.44,252.45,252.3101,56563.0,252.3707
2024-12-17 11:01:00,AAPL,252.43,252.26,252.47,252.26,72405.0,252.3759
2024-12-17 11:02:00,AAPL,252.26,252.29,252.38,252.24,33995.0,252.3078
2024-12-17 11:03:00,AAPL,252.29,252.393799,252.4,252.255,43743.0,252.3444
2024-12-17 11:04:00,AAPL,252.385,252.335,252.42,252.3002,65040.0,252.384
2024-12-17 11:05:00,AAPL,252.35,252.37,252.39,252.29,67138.0,252.3385
2024-12-17 11:06:00,AAPL,252.36,252.42,252.5,252.245,120865.0,252.3958
2024-12-17 11:07:00,AAPL,252.42,252.65,252.8,252.4,200902.0,252.5796
2024-12-17 11:08:00,AAPL,252.67,252.825,252.8398,252.66,90463.0,252.7506
2024-12-17 11:09:00,AAPL,252.82,253.12,253.17,252.72,321092.0,252.9618
2024-12-17 11:10:00,AAPL,253.11,253.32,253.32,253.091,243873.0,253.1775
2024-12-17 11:11:00,AAPL,253.32,253.02,253.35,252.96,113399.0,253.1636
2024-12-17 11:12:00,AAPL,253.02,253.2309,253.255,252.98,101630.0,253.1028
2024-12-17 11:13:00,AAPL,253.245,253.16,253.255,253.095,65340.0,253.1664
2024-12-17 11:14:00,AAPL,253.16,253.07,253.17,253.01,58838.0,253.0884
2024-12-17 11:15:00,AAPL,253.06,252.95,253.06,252.91,69037.0,252.9777
2024-12-17 11:16:00,AAPL,252.95,252.9537,252.9998,252.75,99832.0,252.8646
2024-12-17 11:17:00,AAPL,252.96,252.75,252.99,252.7,73169.0,252.8347
2024-12-17 11:18:00,AAPL,252.72,252.67,252.75,252.5924,75218.0,252.6739
2024-12-17 11:19:00,AAPL,252.68,252.64,252.69,252.57,75559.0,252.6449
2024-12-17 11:20:00,AAPL,252.63,252.54,252.6998,252.47,64107.0,252.5666
2024-12-17 11:21:00,AAPL,252.5301,252.575,252.69,252.52,56601.0,252.6033
2024-12-17 11:22:00,AAPL,252.575,252.36,252.59,252.31,70280.0,252.428
2024-12-17 11:23:00,AAPL,252.37,252.42,252.47,252.31,52577.0,252.4018
2024-12-17 11:24:00,AAPL,252.43,252.51,252.54,252.42,88942.0,252.4792
2024-12-17 11:25:00,AAPL,252.49,252.575,252.6,252.45,69269.0,252.5303
2024-12-17 11:26:00,AAPL,252.58,252.425,252.59,252.345,67562.0,252.4545
2024-12-17 11:27:00,AAPL,252.42,252.515,252.54,252.4,40921.0,252.4749
2024-12-17 11:28:00,AAPL,252.53,252.49,252.53,252.41,62458.0,252.4744
2024-12-17 11:29:00,AAPL,252.48,252.55,252.5602,252.45,40690.0,252.524
2024-12-17 11:30:00,AAPL,252.53,252.58,252.59,252.48,134892.0,252.5392
2024-12-17 11:31:00,AAPL,252.59,252.665,252.7,252.52,138421.0,252.6097
2024-12-17 11:32:00,AAPL,252.67,252.62,252.7,252.615,59125.0,252.6477
2024-12-17 11:33:00,AAPL,252.6009,252.585,252.64,252.55,35609.0,252.5897
2024-12-17 11:34:00,AAPL,252.59,252.65,252.73,252.5849,84824.0,252.6757
2024-12-17 11:35:00,AAPL,252.65,252.69,252.71,252.63,39925.0,252.6694
2024-12-17 11:36:00,AAPL,252.68,252.66,252.82,252.66,67243.0,252.7492
2024-12-17 11:37:00,AAPL,252.65,252.69,252.76,252.6,51308.0,252.6732
2024-12-17 11:38:00,AAPL,252.685,252.7,252.77,252.655,64233.0,252.7032
2024-12-17 11:39:00,AAPL,252.69,252.8,252.85,252.69,48240.0,252.7773
2024-12-17 11:40:00,AAPL,252.8,252.8101,252.83,252.785,26273.0,252.7994
2024-12-17 11:41:00,AAPL,252.83,252.84,252.89,252.785,153228.0,252.8426
2024-12-17 11:42:00,AAPL,252.85,252.92,252.92,252.82,53120.0,252.866
2024-12-17 11:43:00,AAPL,252.93,252.8623,252.97,252.86,50844.0,252.8996
2024-12-17 11:44:00,AAPL,252.88,252.83,252.93,252.8,45788.0,252.8836
2024-12-17 11:45:00,AAPL,252.83,252.84,252.89,252.8088,30877.0,252.8452
2024-12-17 11:46:00,AAPL,252.84,252.8262,252.9,252.8262,36252.0,252.8826
2024-12-17 11:47:00,AAPL,252.825,252.94,252.99,252.81,43982.0,252.9124
2024-12-17 11:48:00,AAPL,252.935,252.915,252.98,252.89,46221.0,252.9308
2024-12-17 11:49:00,AAPL,252.91,252.9388,252.99,252.87,45695.0,252.9405
2024-12-17 11:50:00,AAPL,252.96,252.97,253.0,252.9311,40062.0,252.9655
2024-12-17 11:51:00,AAPL,252.965,252.79,252.965,252.77,49051.0,252.8431
2024-12-17 11:52:00,AAPL,252.8,252.81,252.92,252.79,39094.0,252.8524
2024-12-17 11:53:00,AAPL,252.8,252.81,252.86,252.77,64286.0,252.8206
2024-12-17 11:54:00,AAPL,252.815,252.91,252.94,252.79,82918.0,252.8729
2024-12-17 11:55:00,AAPL,252.92,253.04,253.085,252.91,125337.0,252.9849
2024-12-17 11:56:00,AAPL,253.05,253.04,253.07,253.01,64590.0,253.0384
2024-12-17 11:57:00,AAPL,253.04,253.0199,253.09,252.9562,65167.0,253.0409
2024-12-17 11:58:00,AAPL,253.011,253.015,253.06,252.97,38885.0,253.0116
2024-12-17 11:59:00,AAPL,253.01,253.075,253.1,253.0,62919.0,253.0558
2024-12-17 12:00:00,AAPL,253.08,253.06,253.11,253.03,42133.0,253.0736
2024-12-17 12:01:00,AAPL,253.05,252.85,253.06,252.83,105361.0,252.9301
2024-12-17 12:02:00,AAPL,252.85,252.865,252.95,252.83,48120.0,252.8895
2024-12-17 12:03:00,AAPL,252.86,253.0536,253.09,252.86,79107.0,253.0068
2024-12-17 12:04:00,AAPL,253.07,252.94,253.15,252.92,102755.0,253.0557
2024-12-17 12:05:00,AAPL,252.94,253.01,253.05,252.8801,47329.0,252.983
2024-12-17 12:06:00,AAPL,253.02,253.02,253.09,253.01,38976.0,253.0338
2024-12-17 12:07:00,AAPL,253.02,253.2104,253.22,253.02,75333.0,253.1513
2024-12-17 12:08:00,AAPL,253.2,253.15,253.24,253.14,37907.0,253.1836
2024-12-17 12:09:00,AAPL,253.15,253.185,253.2,253.11,41077.0,253.1405
2024-12-17 12:10:00,AAPL,253.1999,253.0806,253.1999,253.08,36134.0,253.1388
2024-12-17 12:11:00,AAPL,253.08,253.0394,253.1,253.0201,53637.0,253.0568
2024-12-17 12:12:00,AAPL,253.03,252.83,253.04,252.8101,82020.0,252.8661
2024-12-17 12:13:00,AAPL,252.83,252.9654,252.9654,252.815,33781.0,252.8717
2024-12-17 12:14:00,AAPL,252.95,252.84,252.98,252.84,37784.0,252.9104
2024-12-17 12:15:00,AAPL,252.83,252.775,252.84,252.67,46295.0,252.7408
2024-12-17 12:16:00,AAPL,252.7701,252.66,252.78,252.66,39151.0,252.7291
2024-12-17 12:17:00,AAPL,252.66,252.7353,252.75,252.585,64819.0,252.6557
2024-12-17 12:18:00,AAPL,252.74,252.76,252.8198,252.69,39830.0,252.7487
2024-12-17 12:19:00,AAPL,252.76,252.77,252.795,252.71,25649.0,252.7611
2024-12-17 12:20:00,AAPL,252.78,252.9713,252.99,252.78,70352.0,252.9105
2024-12-17 12:21:00,AAPL,252.98,252.99,253.09,252.97,67747.0,253.0218
2024-12-17 12:22:00,AAPL,253.0,253.1,253.12,252.96,69201.0,253.0579
2024-12-17 12:23:00,AAPL,253.1,253.14,253.165,253.07,59005.0,253.12
2024-12-17 12:24:00,AAPL,253.13,253.17,253.17,253.105,94910.0,253.141
2024-12-17 12:25:00,AAPL,253.16,253.24,253.275,253.09,117621.0,253.1682
2024-12-17 12:26:00,AAPL,253.23,253.2795,253.3,253.2,60035.0,253.2573
2024-12-17 12:27:00,AAPL,253.29,253.15,253.3,253.15,64467.0,253.2214
2024-12-17 12:28:00,AAPL,253.14,253.23,253.25,253.13,61103.0,253.1748
2024-12-17 12:29:00,AAPL,253.23,253.24,253.25,253.17,64170.0,253.2161
2024-12-17 12:30:00,AAPL,253.24,253.15,253.29,253.145,56299.0,253.2423
2024-12-17 12:31:00,AAPL,253.14,252.91,253.14,252.89,100522.0,253.0497
2024-12-17 12:32:00,AAPL,252.91,252.94,253.0,252.875,56455.0,252.9445
2024-12-17 12:33:00,AAPL,252.92,252.95,252.98,252.91,65363.0,252.9526
2024-12-17 12:34:00,AAPL,252.94,252.955,253.0,252.9101,53313.0,252.9711
2024-12-17 12:35:00,AAPL,252.951,252.99,253.0416,252.95,42889.0,253.0003
2024-12-17 12:36:00,AAPL,253.0,253.06,253.1,252.94,49655.0,253.0228
2024-12-17 12:37:00,AAPL,253.05,253.08,253.1,252.99,29260.0,253.0592
2024-12-17 12:38:00,AAPL,253.09,253.1244,253.16,253.08,34350.0,253.1276
2024-12-17 12:39:00,AAPL,253.13,253.17,253.22,253.08,59207.0,253.1418
2024-12-17 12:40:00,AAPL,253.175,253.23,253.24,253.175,29847.0,253.2092
2024-12-17 12:41:00,AAPL,253.2299,253.16,253.23,253.06,135304.0,253.1393
2024-12-17 12:42:00,AAPL,253.16,253.1493,253.1801,253.1,29637.0,253.139
2024-12-17 12:43:00,AAPL,253.145,253.12,253.17,253.1,31599.0,253.1358
2024-12-17 12:44:00,AAPL,253.11,252.88,253.11,252.855,85920.0,252.9505
2024-12-17 12:45:00,AAPL,252.88,252.98,252.98,252.84,42869.0,252.9017
2024-12-17 12:46:00,AAPL,252.97,252.91,252.97,252.85,32494.0,252.9113
2024-12-17 12:47:00,AAPL,252.92,252.92,252.97,252.87,37329.0,252.9202
2024-12-17 12:48:00,AAPL,252.9,252.9,252.9327,252.885,25174.0,252.8152
2024-12-17 12:49:00,AAPL,252.89,252.83,252.89,252.81,48828.0,252.8449
2024-12-17 12:50:00,AAPL,252.83,252.86,252.9,252.8,36787.0,252.8419
2024-12-17 12:51:00,AAPL,252.88,252.892,252.9374,252.85,30910.0,252.8872
2024-12-17 12:52:00,AAPL,252.9,252.95,252.95,252.88,27676.0,252.9161
2024-12-17 12:53:00,AAPL,252.95,252.96,253.04,252.94,74428.0,252.9895
2024-12-17 12:54:00,AAPL,252.97,253.0,253.03,252.96,28279.0,252.9968
2024-12-17 12:55:00,AAPL,252.9906,252.965,253.01,252.93,38884.0,252.9722
2024-12-17 12:56:00,AAPL,252.9501,252.89,252.9717,252.88,41561.0,252.9155
2024-12-17 12:57:00,AAPL,252.89,252.81,252.89,252.795,31340.0,252.8523
2024-12-17 12:58:00,AAPL,252.81,252.9099,252.92,252.805,28980.0,252.8487
2024-12-17 12:59:00,AAPL,252.8978,252.915,252.985,252.875,18679.0,252.9347
2024-12-17 13:00:00,AAPL,252.9,252.775,252.9,252.76,71560.0,252.8084
2024-12-17 13:01:00,AAPL,252.79,252.8299,252.87,252.77,25070.0,252.8213
2024-12-17 13:02:00,AAPL,252.81,252.79,252.84,252.74,40441.0,252.7873
2024-12-17 13:03:00,AAPL,252.82,252.805,252.84,252.79,24130.0,252.8164
2024-12-17 13:04:00,AAPL,252.8,252.76,252.8153,252.74,22811.0,252.7768
2024-12-17 13:05:00,AAPL,252.76,252.78,252.8292,252.74,43636.0,252.7854
2024-12-17 13:06:00,AAPL,252.78,252.76,252.79,252.74,54290.0,252.7608
2024-12-17 13:07:00,AAPL,252.77,252.76,252.78,252.6901,52069.0,252.7345
2024-12-17 13:08:00,AAPL,252.765,252.86,252.86,252.75,58487.0,252.7931
2024-12-17 13:09:00,AAPL,252.87,252.92,252.93,252.87,31756.0,252.9018
2024-12-17 13:10:00,AAPL,252.93,252.86,252.95,252.8467,82956.0,252.9166
2024-12-17 13:11:00,AAPL,252.87,252.99,253.0,252.86,77967.0,252.9286
2024-12-17 13:12:00,AAPL,252.99,252.9668,253.06,252.955,92535.0,253.0145
2024-12-17 13:13:00,AAPL,252.99,253.0,253.04,252.95,30009.0,252.9862
2024-12-17 13:14:00,AAPL,253.01,252.95,253.01,252.8756,40085.0,252.9315
2024-12-17 13:15:00,AAPL,252.95,252.92,252.98,252.85,44996.0,252.9146
2024-12-17 13:16:00,AAPL,252.91,252.92,252.94,252.87,20778.0,252.9132
2024-12-17 13:17:00,AAPL,252.93,252.95,252.97,252.87,28942.0,252.9304
2024-12-17 13:18:00,AAPL,252.93,252.94,252.98,252.92,27517.0,252.9499
2024-12-17 13:19:00,AAPL,252.94,252.89,252.95,252.86,36396.0,252.908
2024-12-17 13:20:00,AAPL,252.875,252.93,252.93,252.83,52723.0,252.8759
2024-12-17 13:21:00,AAPL,252.9351,253.0,253.03,252.91,85916.0,252.9678
2024-12-17 13:22:00,AAPL,253.02,252.9398,253.02,252.93,63719.0,252.972
2024-12-17 13:23:00,AAPL,252.95,253.01,253.03,252.95,45424.0,253.0057
2024-12-17 13:24:00,AAPL,253.01,252.995,253.03,252.98,33121.0,253.0038
2024-12-17 13:25:00,AAPL,253.0,253.06,253.1,252.995,63137.0,253.0464
2024-12-17 13:26:00,AAPL,253.06,253.09,253.12,253.035,26500.0,253.0655
2024-12-17 13:27:00,AAPL,253.09,253.12,253.19,253.085,37158.0,253.1337
2024-12-17 13:28:00,AAPL,253.13,253.13,253.18,253.12,26848.0,253.1407
2024-12-17 13:29:00,AAPL,253.14,253.13,253.165,253.105,45353.0,253.1334
2024-12-17 13:30:00,AAPL,253.14,253.17,253.17,253.1,38417.0,253.1378
2024-12-17 13:31:00,AAPL,253.17,253.12,253.2,253.12,29609.0,253.1553
2024-12-17 13:32:00,AAPL,253.12,253.16,253.16,253.09,38764.0,253.1212
2024-12-17 13:33:00,AAPL,253.16,253.23,253.23,253.16,55572.0,253.199
2024-12-17 13:34:00,AAPL,253.23,253.22,253.26,253.195,71869.0,253.2328
2024-12-17 13:35:00,AAPL,253.23,253.24,253.2499,253.2,34506.0,253.2163
2024-12-17 13:36:00,AAPL,253.23,253.2287,253.25,253.1788,35615.0,253.2157
2024-12-17 13:37:00,AAPL,253.2299,253.21,253.25,253.2,50030.0,253.2282
2024-12-17 13:38:00,AAPL,253.21,253.255,253.29,253.21,66836.0,253.2533
2024-12-17 13:39:00,AAPL,253.255,253.3049,253.34,253.22,88562.0,253.2925
2024-12-17 13:40:00,AAPL,253.305,253.379,253.38,253.29,83258.0,253.3423
2024-12-17 13:41:00,AAPL,253.38,253.41,253.41,253.36,50150.0,253.3833
2024-12-17 13:42:00,AAPL,253.4,253.585,253.6,253.39,139364.0,253.4954
2024-12-17 13:43:00,AAPL,253.59,253.6111,253.635,253.57,112627.0,253.5945
2024-12-17 13:44:00,AAPL,253.62,253.585,253.63,253.5739,46039.0,253.6002
2024-12-17 13:45:00,AAPL,253.58,253.469,253.6,253.44,229803.0,253.4269
2024-12-17 13:46:00,AAPL,253.475,253.4699,253.49,253.45,60235.0,253.4698
2024-12-17 13:47:00,AAPL,253.46,253.3,253.46,253.2725,69612.0,253.3372
2024-12-17 13:48:00,AAPL,253.31,253.26,253.36,253.2201,46017.0,253.2926
2024-12-17 13:49:00,AAPL,253.265,253.29,253.3493,253.25,32051.0,253.3049
2024-12-17 13:50:00,AAPL,253.29,253.33,253.4378,253.28,88895.0,253.3448
2024-12-17 13:51:00,AAPL,253.32,253.355,253.4182,253.3,31741.0,253.355
2024-12-17 13:52:00,AAPL,253.34,253.4,253.43,253.3399,32958.0,253.3855
2024-12-17 13:53:00,AAPL,253.39,253.42,253.44,253.37,66201.0,253.3518
2024-12-17 13:54:00,AAPL,253.4,253.3873,253.44,253.38,32089.0,253.4112
2024-12-17 13:55:00,AAPL,253.3801,253.32,253.42,253.2701,42861.0,253.3627
2024-12-17 13:56:00,AAPL,253.29,253.295,253.31,253.25,47291.0,253.2801
2024-12-17 13:57:00,AAPL,253.28,253.3,253.36,253.26,34290.0,253.3115
2024-12-17 13:58:00,AAPL,253.295,253.28,253.31,253.25,42061.0,253.2827
2024-12-17 13:59:00,AAPL,253.285,253.335,253.37,253.283139,32094.0,253.3185
2024-12-17 14:00:00,AAPL,253.3301,253.34,253.4,253.3,43342.0,253.3485
2024-12-17 14:01:00,AAPL,253.34,253.27,253.3771,253.26,37203.0,253.3296
2024-12-17 14:02:00,AAPL,253.28,253.21,253.32,253.18,50811.0,253.2523
2024-12-17 14:03:00,AAPL,253.21,253.195,253.23,253.15,34378.0,253.1897
2024-12-17 14:04:00,AAPL,253.194,253.235,253.2567,253.1803,28721.0,253.2223
2024-12-17 14:05:00,AAPL,253.235,253.15,253.2422,253.14,37911.0,253.1805
2024-12-17 14:06:00,AAPL,253.15,253.0801,253.19,253.061336,48583.0,253.128
2024-12-17 14:07:00,AAPL,253.1,253.1,253.16,253.08,43683.0,253.1274
2024-12-17 14:08:00,AAPL,253.11,253.09,253.13,253.065,35313.0,253.0919
2024-12-17 14:09:00,AAPL,253.08,253.14,253.16,253.07,37791.0,253.1188
2024-12-17 14:10:00,AAPL,253.13,253.14,253.17,253.08,32981.0,253.1317
2024-12-17 14:11:00,AAPL,253.14,253.115,253.15,253.11,22505.0,253.1295
2024-12-17 14:12:00,AAPL,253.1374,253.14,253.1784,253.04,98704.0,253.1866
2024-12-17 14:13:00,AAPL,253.131,253.14,253.145,253.09,28845.0,253.1131
2024-12-17 14:14:00,AAPL,253.145,253.16,253.18,253.092,29000.0,253.1379
2024-12-17 14:15:00,AAPL,253.15,253.13,253.188,253.12,25131.0,253.1437
2024-12-17 14:16:00,AAPL,253.15,253.07,253.15,253.05,30335.0,253.0892
2024-12-17 14:17:00,AAPL,253.07,253.075,253.13,253.06,36822.0,253.0999
2024-12-17 14:18:00,AAPL,253.08,253.0518,253.0817,253.0301,38503.0,253.0591
2024-12-17 14:19:00,AAPL,253.055,253.025,253.07,253.0223,19915.0,253.0565
2024-12-17 14:20:00,AAPL,253.02,252.95,253.0304,252.9423,43456.0,252.9913
2024-12-17 14:21:00,AAPL,252.95,252.945,252.9975,252.94,36019.0,252.9616
2024-12-17 14:22:00,AAPL,252.9465,253.0,253.04,252.93,44305.0,252.999
2024-12-17 14:23:00,AAPL,252.995,253.03,253.08,252.98,39315.0,253.0481
2024-12-17 14:24:00,AAPL,253.02,253.055,253.055,252.97,24093.0,253.0095
2024-12-17 14:25:00,AAPL,253.06,253.17,253.19,253.05,48721.0,253.1108
2024-12-17 14:26:00,AAPL,253.165,253.18,253.22,253.117,38223.0,253.169
2024-12-17 14:27:00,AAPL,253.18,253.22,253.24,253.16,36002.0,253.1923
2024-12-17 14:28:00,AAPL,253.225,253.13,253.225,253.07,82181.0,253.1288
2024-12-17 14:29:00,AAPL,253.1201,253.205,253.24,253.1201,46468.0,253.1829
2024-12-17 14:30:00,AAPL,253.2,253.19,253.24,253.17,47935.0,253.2069
2024-12-17 14:31:00,AAPL,253.2,253.25,253.25,253.1719,43649.0,253.2064
2024-12-17 14:32:00,AAPL,253.245,253.2,253.29,253.185,65665.0,253.243
2024-12-17 14:33:00,AAPL,253.2,253.3174,253.32,253.195,52824.0,253.1999
2024-12-17 14:34:00,AAPL,253.3,253.255,253.35,253.235,66127.0,253.2911
2024-12-17 14:35:00,AAPL,253.26,253.3699,253.38,253.24,69301.0,253.306
2024-12-17 14:36:00,AAPL,253.363712,253.37,253.37,253.28,64737.0,253.3307
2024-12-17 14:37:00,AAPL,253.355,253.32,253.39,253.31,49428.0,253.3648
2024-12-17 14:38:00,AAPL,253.31,253.25,253.33,253.21,50163.0,253.254
2024-12-17 14:39:00,AAPL,253.25,253.12,253.25,253.105,49271.0,253.1761
2024-12-17 14:40:00,AAPL,253.125,252.97,253.13,252.95,74733.0,253.0527
2024-12-17 14:41:00,AAPL,252.96,253.0112,253.0199,252.92,261116.0,252.9032
2024-12-17 14:42:00,AAPL,253.01,253.13,253.14,253.0,47747.0,253.072
2024-12-17 14:43:00,AAPL,253.13,253.235,253.2884,253.115,51938.0,253.1916
2024-12-17 14:44:00,AAPL,253.23,253.255,253.32,253.21,54329.0,253.2597
2024-12-17 14:45:00,AAPL,253.255,253.21,253.32,253.21,33024.0,253.2508
2024-12-17 14:46:00,AAPL,253.21,253.13,253.21,253.06,37703.0,253.1258
2024-12-17 14:47:00,AAPL,253.12,253.06,253.14,253.0327,25384.0,253.0892
2024-12-17 14:48:00,AAPL,253.06,253.09,253.14,253.06,30710.0,253.1057
2024-12-17 14:49:00,AAPL,253.09,253.1,253.1304,253.0401,35637.0,253.0999
2024-12-17 14:50:00,AAPL,253.1,253.18,253.18,253.075,43944.0,253.1116
2024-12-17 14:51:00,AAPL,253.18,253.19,253.2099,253.15,32644.0,253.1826
2024-12-17 14:52:00,AAPL,253.2,253.2225,253.28,253.2,21840.0,253.236
2024-12-17 14:53:00,AAPL,253.23,253.24,253.255,253.1801,28509.0,253.2245
2024-12-17 14:54:00,AAPL,253.255,253.27,253.28,253.23,28527.0,253.2491
2024-12-17 14:55:00,AAPL,253.28,253.27,253.28,253.18,44869.0,253.2349
2024-12-17 14:56:00,AAPL,253.26,253.3225,253.37,253.2576,59835.0,253.3137
2024-12-17 14:57:00,AAPL,253.325,253.375,253.38,253.26,54866.0,253.3229
2024-12-17 14:58:00,AAPL,253.37,253.3214,253.38,253.3,29536.0,253.3379
2024-12-17 14:59:00,AAPL,253.33,253.24,253.33,253.23,35659.0,253.281
2024-12-17 15:00:00,AAPL,253.24,253.16,253.29,253.12,55525.0,253.2278
2024-12-17 15:01:00,AAPL,253.16,253.1325,253.1789,253.1105,23947.0,253.1508
2024-12-17 15:02:00,AAPL,253.1214,253.08,253.15,253.05,27318.0,253.1198
2024-12-17 15:03:00,AAPL,253.09,252.96,253.09,252.91,53083.0,252.9952
2024-12-17 15:04:00,AAPL,252.95,252.85,252.97,252.835,70543.0,252.8977
2024-12-17 15:05:00,AAPL,252.85,252.8401,252.9,252.83,62868.0,252.874
2024-12-17 15:06:00,AAPL,252.84,252.98,252.98,252.75,92808.0,252.8184
2024-12-17 15:07:00,AAPL,252.985,253.01,253.04,252.9302,57989.0,252.9927
2024-12-17 15:08:00,AAPL,253.005,253.0661,253.1,252.98,50611.0,253.0379
2024-12-17 15:09:00,AAPL,253.06,253.13,253.17,253.0503,44010.0,253.0951
2024-12-17 15:10:00,AAPL,253.1286,253.11,253.22,253.1,39939.0,253.1381
2024-12-17 15:11:00,AAPL,253.1172,253.03,253.13,253.03,31058.0,253.0699
2024-12-17 15:12:00,AAPL,253.04,253.015,253.06,252.93,48327.0,253.0139
2024-12-17 15:13:00,AAPL,253.01,253.03,253.07,252.975,46621.0,253.0359
2024-12-17 15:14:00,AAPL,253.03,253.09,253.15,253.03,47476.0,253.0955
2024-12-17 15:15:00,AAPL,253.09,253.07,253.12,253.065,30167.0,253.0784
2024-12-17 15:16:00,AAPL,253.07,252.9401,253.08,252.9401,43588.0,252.9966
2024-12-17 15:17:00,AAPL,252.945,253.01,253.04,252.91,49757.0,252.9739
2024-12-17 15:18:00,AAPL,253.01,253.03,253.0465,252.98,35547.0,253.016
2024-12-17 15:19:00,AAPL,253.025,253.04,253.08,252.97,56452.0,253.0363
2024-12-17 15:20:00,AAPL,253.04,253.06,253.07,253.0,48879.0,253.0355
2024-12-17 15:21:00,AAPL,253.045,253.04,253.06,252.97,50622.0,253.0252
2024-12-17 15:22:00,AAPL,253.04,253.085,253.12,253.0,51007.0,253.0625
2024-12-17 15:23:00,AAPL,253.1,253.03,253.1,252.9901,62088.0,253.0512
2024-12-17 15:24:00,AAPL,253.03,253.0099,253.07,252.99,83607.0,253.0283
2024-12-17 15:25:00,AAPL,253.02,252.98,253.04,252.88,65035.0,252.9702
2024-12-17 15:26:00,AAPL,252.97,252.9301,253.03,252.92,60679.0,252.9775
2024-12-17 15:27:00,AAPL,252.94,252.97,253.01,252.925,51747.0,252.9633
2024-12-17 15:28:00,AAPL,252.98,252.93,252.9877,252.91,63654.0,252.9554
2024-12-17 15:29:00,AAPL,252.94,252.88,252.95,252.81,101230.0,252.8847
2024-12-17 15:30:00,AAPL,252.88,252.87,252.91,252.82,98614.0,252.8826
2024-12-17 15:31:00,AAPL,252.88,252.74,252.88,252.68,124518.0,252.75
2024-12-17 15:32:00,AAPL,252.745,252.73,252.765,252.65,112247.0,252.6988
2024-12-17 15:33:00,AAPL,252.73,252.78,252.83,252.6913,78540.0,252.7696
2024-12-17 15:34:00,AAPL,252.775,252.69,252.79,252.68,99316.0,252.7309
2024-12-17 15:35:00,AAPL,252.6776,252.715,252.76,252.6776,51565.0,252.7212
2024-12-17 15:36:00,AAPL,252.7,252.685,252.72,252.68,52810.0,252.6989
2024-12-17 15:37:00,AAPL,252.685,252.77,252.78,252.685,104379.0,252.7257
2024-12-17 15:38:00,AAPL,252.775,252.69,252.78,252.69,58214.0,252.744
2024-12-17 15:39:00,AAPL,252.67,252.89,252.95,252.6501,101513.0,252.7742
2024-12-17 15:40:00,AAPL,252.895,253.16,253.22,252.86,197523.0,253.0919
2024-12-17 15:41:00,AAPL,253.1579,253.195,253.22,253.15,102171.0,253.1831
2024-12-17 15:42:00,AAPL,253.19,253.11,253.21,253.11,86847.0,253.1782
2024-12-17 15:43:00,AAPL,253.12,253.1498,253.2,253.06,102710.0,253.1133
2024-12-17 15:44:00,AAPL,253.14,253.19,253.25,253.13,118481.0,253.194
2024-12-17 15:45:00,AAPL,253.195,253.18,253.25,253.1001,103007.0,253.1655
2024-12-17 15:46:00,AAPL,253.1899,252.88,253.215,252.85,88659.0,253.0513
2024-12-17 15:47:00,AAPL,252.845,252.78,252.9199,252.78,271544.0,252.9603
2024-12-17 15:48:00,AAPL,252.77,252.78,252.84,252.74,95525.0,252.7871
2024-12-17 15:49:00,AAPL,252.77,252.715,252.785,252.66,90604.0,252.7625
2024-12-17 15:50:00,AAPL,252.73,253.44,253.62,252.73,564517.0,253.3668
2024-12-17 15:51:00,AAPL,253.43,253.18,253.44,253.09,239775.0,253.21
2024-12-17 15:52:00,AAPL,253.19,253.21,253.3,253.11,152460.0,253.2018
2024-12-17 15:53:00,AAPL,253.22,253.14,253.24,253.12,145477.0,253.1667
2024-12-17 15:54:00,AAPL,253.145,253.47,253.67,253.145,407875.0,253.3732
2024-12-17 15:55:00,AAPL,253.48,253.56,253.83,253.48,542611.0,253.664
2024-12-17 15:56:00,AAPL,253.555,253.585,253.63,253.45,256060.0,253.5536
2024-12-17 15:57:00,AAPL,253.59,253.675,253.76,253.585,375330.0,253.6707
2024-12-17 15:58:00,AAPL,253.68,253.545,253.69,253.53,414745.0,253.6332
2024-12-17 15:59:00,AAPL,253.545,253.48,253.57,253.27,1280004.0,253.4339
2024-12-17 16:00:00,AAPL,253.48,253.31,253.48,253.22,339389.0,253.4747
2024-12-17 16:01:00,AAPL,253.32,253.48,253.48,253.32,11211.0,253.3743
2024-12-17 16:02:00,AAPL,253.48,253.48,253.48,253.4,3947.0,253.4295
2024-12-17 16:03:00,AAPL,253.48,253.36,253.5,253.36,5057.0,253.4674
2024-12-17 16:04:00,AAPL,253.4,253.34,253.4,253.33,69792.0,253.4701
2024-12-17 16:05:00,AAPL,253.34,253.32,253.48,253.3,6447.0,253.4411
2024-12-17 16:06:00,AAPL,253.3015,253.3,253.32,253.3,247381.0,253.4784
2024-12-17 16:07:00,AAPL,253.33,253.41,253.45,253.33,5604.0,253.1512
2024-12-17 16:08:00,AAPL,253.4,253.48,253.48,253.4,4339.0,253.4714
2024-12-17 16:09:00,AAPL,253.44,253.39,253.47,253.39,3966.0,253.4352
2024-12-17 16:10:00,AAPL,253.39,253.31,253.39,253.31,2679.0,253.348
2024-12-17 16:12:00,AAPL,253.35,253.33,253.35,253.33,696.0,253.3405
2024-12-17 16:13:00,AAPL,253.36,253.48,253.48,253.36,5955.0,253.4016
2024-12-17 16:16:00,AAPL,253.44,253.38,253.44,253.33,4356.0,253.3825
2024-12-17 16:18:00,AAPL,253.4,253.35,253.4,253.35,1261.0,253.3736
2024-12-17 16:19:00,AAPL,253.38,253.38,253.38,253.38,476.0,253.3739
2024-12-17 16:20:00,AAPL,253.3999,253.3999,253.3999,253.3999,298.0,253.394
2024-12-17 16:21:00,AAPL,253.4,253.43,253.43,253.4,835.0,253.4132
2024-12-17 16:22:00,AAPL,253.41,253.47,253.47,253.41,1779.0,253.446
2024-12-17 16:23:00,AAPL,253.47,253.48,253.48,253.47,2372.0,253.4755
2024-12-17 16:24:00,AAPL,253.48,253.5,253.5,253.47,3894.0,253.4919
2024-12-17 16:25:00,AAPL,253.6,253.6,253.6,253.6,522.0,253.5725
2024-12-17 16:26:00,AAPL,253.62,253.6,253.62,253.59,3375.0,253.6019
2024-12-17 16:27:00,AAPL,253.6,253.6,253.6,253.6,751.0,253.5975
2024-12-17 16:28:00,AAPL,253.58,253.56,253.58,253.56,759.0,253.5734
2024-12-17 16:29:00,AAPL,253.58,253.51,253.59,253.51,2895.0,253.5436
2024-12-17 16:30:00,AAPL,253.52,253.5002,253.52,253.49,2577.0,253.5168
2024-12-17 16:31:00,AAPL,253.55,253.55,253.55,253.55,423.0,253.5677
2024-12-17 16:32:00,AAPL,253.48,253.56,253.56,253.48,25165.0,253.4809
2024-12-17 16:33:00,AAPL,253.5602,253.5602,253.5602,253.5602,739.0,253.5653
2024-12-17 16:35:00,AAPL,253.56,253.56,253.56,253.56,661.0,253.5598
2024-12-17 16:36:00,AAPL,253.51,253.54,253.54,253.5,1354.0,253.524
2024-12-17 16:37:00,AAPL,253.51,253.5001,253.51,253.5,2252.0,253.5044
2024-12-17 16:38:00,AAPL,253.5,253.5,253.5,253.5,493.0,253.5006
2024-12-17 16:39:00,AAPL,253.49,253.49,253.49,253.49,1314.0,253.4893
2024-12-17 16:40:00,AAPL,253.44,253.4,253.46,253.4,2042.0,253.4116
2024-12-17 16:41:00,AAPL,253.4001,253.48,253.48,253.37,3313.0,253.4133
2024-12-17 16:42:00,AAPL,253.33,253.34,253.39,253.33,3442.0,253.3527
2024-12-17 16:44:00,AAPL,253.31,253.33,253.34,253.3,857.0,253.3202
2024-12-17 16:47:00,AAPL,253.34,253.3311,253.48,253.31,19637.0,253.4695
2024-12-17 16:48:00,AAPL,253.34,253.35,253.48,253.34,1646.0,253.9799
2024-12-17 16:49:00,AAPL,253.33,253.4,253.4,253.33,1335.0,253.3616
2024-12-17 16:50:00,AAPL,253.33,253.33,253.33,253.33,1974.0,253.3361
2024-12-17 16:51:00,AAPL,253.34,253.38,253.38,253.34,1219.0,253.9431
2024-12-17 16:52:00,AAPL,253.39,253.38,253.39,253.38,712.0,253.3737
2024-12-17 16:54:00,AAPL,253.39,253.39,253.39,253.39,325.0,253.3742
2024-12-17 16:56:00,AAPL,253.39,253.39,253.39,253.39,982.0,253.0989
2024-12-17 16:58:00,AAPL,253.36,253.36,253.36,253.36,282.0,253.3631
2024-12-17 16:59:00,AAPL,253.36,253.36,253.36,253.36,639.0,253.3577
2024-12-17 17:00:00,AAPL,253.36,253.33,253.36,253.33,1030.0,253.3442
2024-12-17 17:04:00,AAPL,253.36,253.36,253.36,253.36,510.0,253.3593
2024-12-17 17:05:00,AAPL,253.34,253.34,253.34,253.34,202.0,253.3424
2024-12-17 17:13:00,AAPL,253.34,253.33,253.34,253.33,496.0,253.3349
2024-12-17 17:17:00,AAPL,253.33,253.33,253.33,253.33,722.0,253.3328
2024-12-17 17:18:00,AAPL,253.34,253.36,253.36,253.31,1362.0,253.3399
2024-12-17 17:28:00,AAPL,253.36,253.36,253.36,253.36,435.0,253.3582
2024-12-17 17:29:00,AAPL,253.36,253.36,253.36,253.32,128996.0,253.4784
2024-12-17 17:30:00,AAPL,253.36,253.36,253.36,253.36,432.0,253.3591
2024-12-17 17:33:00,AAPL,253.36,253.36,253.36,253.36,574.0,253.3513
2024-12-17 17:37:00,AAPL,253.3506,253.3506,253.3506,253.3506,151.0,253.3429
2024-12-17 17:39:00,AAPL,253.2997,253.2997,253.2997,253.2997,233.0,253.3111
2024-12-17 17:41:00,AAPL,253.3,253.3,253.3,253.3,498.0,253.3084
2024-12-17 17:46:00,AAPL,253.3,253.3,253.3,253.3,305.0,253.3105
2024-12-17 17:47:00,AAPL,253.33,253.33,253.33,253.33,241.0,253.3273
2024-12-17 17:50:00,AAPL,253.33,253.33,253.33,253.33,122.0,253.3296
2024-12-17 17:53:00,AAPL,253.31,253.3,253.31,253.3,397.0,253.3102
2024-12-17 17:55:00,AAPL,253.3299,253.3299,253.3299,253.3299,285.0,253.3227
2024-12-17 17:56:00,AAPL,253.35,253.3008,253.35,253.3008,583.0,253.3337
2024-12-17 17:59:00,AAPL,253.36,253.36,253.36,253.36,256.0,253.3568
2024-12-17 18:00:00,AAPL,253.3,253.3,253.3,253.3,202.0,253.3166
2024-12-17 18:01:00,AAPL,253.3,253.06,253.3,253.06,3052.0,253.2417
2024-12-17 18:02:00,AAPL,253.08,253.0,253.08,253.0,12655.0,253.0408
2024-12-17 18:03:00,AAPL,252.71,252.5,252.7102,252.5,4201.0,252.7019
2024-12-17 18:04:00,AAPL,252.5,253.3,253.3,252.15,2277.0,252.5289
2024-12-17 18:05:00,AAPL,253.28,253.16,253.28,253.16,1554.0,253.1766
2024-12-17 18:08:00,AAPL,252.94,252.94,252.94,252.94,260.0,252.9346
2024-12-17 18:13:00,AAPL,252.99,252.99,252.99,252.99,216.0,252.5873
2024-12-17 18:16:00,AAPL,252.95,252.95,252.95,252.95,526.0,252.9558
2024-12-17 18:18:00,AAPL,252.95,252.95,252.95,252.95,124.0,252.9806
2024-12-17 18:19:00,AAPL,253.01,253.01,253.01,253.01,211.0,253.0136
2024-12-17 18:20:00,AAPL,253.2,253.2,253.2,253.2,139.0,253.1658
2024-12-17 18:21:00,AAPL,253.1877,253.1877,253.1877,253.1877,256.0,253.1548
2024-12-17 18:22:00,AAPL,253.1799,253.14,253.1799,253.14,301.0,253.1337
2024-12-17 18:23:00,AAPL,253.1,253.1,253.1,253.1,351.0,253.0983
2024-12-17 18:26:00,AAPL,253.01,252.99,253.01,252.99,600.0,253.0039
2024-12-17 18:27:00,AAPL,253.1,253.1,253.1,253.1,422.0,253.0898
2024-12-17 18:29:00,AAPL,253.08,253.1,253.1,253.08,1093.0,253.0619
2024-12-17 18:30:00,AAPL,253.11,253.08,253.11,253.08,729.0,253.0869
2024-12-17 18:33:00,AAPL,253.1849,253.1849,253.1849,253.1849,138.0,253.1788
2024-12-17 18:35:00,AAPL,253.17,253.17,253.17,253.17,284.0,253.162
2024-12-17 18:39:00,AAPL,253.2,253.22,253.22,253.2,995.0,253.2044
2024-12-17 18:48:00,AAPL,253.2355,253.2355,253.2355,253.2355,165.0,253.2068
2024-12-17 18:54:00,AAPL,253.1,253.1,253.1,253.1,815.0,253.1068
2024-12-17 19:02:00,AAPL,253.22,253.1742,253.22,253.1742,395.0,253.1649
2024-12-17 19:04:00,AAPL,253.2,253.2,253.2,253.2,208.0,253.169
2024-12-17 19:05:00,AAPL,253.18,253.18,253.18,253.18,193.0,253.1723
2024-12-17 19:06:00,AAPL,253.18,253.23,253.23,253.18,729.0,253.2052
2024-12-17 19:07:00,AAPL,253.23,253.28,253.28,253.23,895.0,253.2474
2024-12-17 19:11:00,AAPL,253.3,253.3,253.3,253.3,511.0,253.2919
2024-12-17 19:12:00,AAPL,253.25,253.25,253.25,253.25,184.0,253.2755
2024-12-17 19:14:00,AAPL,253.31,253.31,253.31,253.26,679.0,253.295
2024-12-17 19:21:00,AAPL,253.06,253.0767,253.0767,253.06,696.0,253.0694
2024-12-17 19:23:00,AAPL,253.12,253.12,253.12,253.12,130.0,253.1389
2024-12-17 19:26:00,AAPL,253.3699,253.1106,253.3699,253.1106,2180.0,253.3468
2024-12-17 19:28:00,AAPL,253.3,253.3,253.3,253.3,233.0,253.2972
2024-12-17 19:34:00,AAPL,253.27,253.27,253.27,253.27,403.0,253.252
2024-12-17 19:35:00,AAPL,253.28,253.28,253.28,253.28,139.0,253.276
2024-12-17 19:36:00,AAPL,253.2898,253.27,253.2898,253.27,223.0,253.2706
2024-12-17 19:38:00,AAPL,253.27,253.2987,253.2987,253.27,1182.0,253.2912
2024-12-17 19:40:00,AAPL,253.22,253.22,253.22,253.22,266.0,253.2178
2024-12-17 19:41:00,AAPL,253.3,253.3,253.3,253.3,1398.0,253.2933
2024-12-17 19:45:00,AAPL,253.37,253.12,253.37,253.12,1173.0,253.3467
2024-12-17 19:49:00,AAPL,253.2107,253.2107,253.2107,253.2107,176.0,253.2155
2024-12-17 19:51:00,AAPL,253.31,253.3,253.31,253.3,734.0,253.3055
2024-12-17 19:52:00,AAPL,253.3,253.3,253.3,253.3,592.0,253.2903
2024-12-17 19:58:00,AAPL,253.32,253.1793,253.32,253.1793,719.0,253.2377
2024-12-17 19:59:00,AAPL,253.2977,253.39,253.39,253.2977,1687.0,253.3281
